H - kurso						
Level	Esperanto	Japanese	English	Grupo	Alternativoj	Prononco
Saluton	Mi estas besto.	私は動物です。	I am an animal.	Saluton		
Saluton	Mi loĝas en Afriko kaj Hindio.	私はアフリカとインドに住んでいます。	I live in Africa and India.	Saluton		
Saluton	Mi havas longan nazon kaj grandajn orelojn.	私は長い鼻と大きな耳を持っています。	I have a long nose and big ears.	Saluton		
Saluton	Miaj okuloj estas malgrandaj.	私の目は小さいです。	My eyes are small.	Saluton		
Saluton	Kiu mi estas?	私は誰？	Who am I?	Saluton		
Saluton	Mi loĝas en Ĉinio.	私は中国に住んでいます。	I live in China.	Saluton		
Saluton	Mi loĝas ankaŭ en zoologia ĝardeno.	私も動物園に住んでいます。	I also live in a zoo.	Saluton		
Saluton	Mi estas populara en zoologia ĝardeno.	動物園では人気者なんです。	I’m popular in the zoo.	Saluton		
Saluton	Mi ŝatas etbambuon.	私は小さな竹が好きです。	I like little bamboo.	Saluton		
Saluton	Mi estas blanka kaj nigra.	私は白と黒です。	I am white and black.	Saluton		
Saluton	Mi povas flugi tre rapide.	とても速く飛ぶことができます。	I can fly very fast.	Saluton		
Saluton	Per flugiloj mi povas flugi.	翼があれば飛べる。	With wings I can fly.	Saluton		
Saluton	Sed mi ne estas birdo!	でも、私は鳥ではありません！	But I am not a bird!	Saluton		
Saluton	Mi povas flugi al Novjorko, Moskvo, Varsovio, Parizo, Londono...	ニューヨーク、モスクワ、ワルシャワ、パリ、ロンドンへ飛ぶことができます…	I can fly to New York, Moscow, Warsaw, Paris, London…	Saluton		
Saluton	Mi povas kuri rapide.	私は速く走ることができます。	I can run fast.	Saluton		
Saluton	Miaj dentoj estas akraj.	私の歯は鋭いです。	My teeth are sharp.	Saluton		
Saluton	Mi estas forta.	私は強いです。	I am strong.	Saluton		
Saluton	Mi estas reĝo de bestoj.	私は動物の王です。	I am king of animals.	Saluton		
Saluton	Mi havas 4 piedojn.	足は4本あります。	I have 4 feet.	Saluton		
Saluton	Sed mi ne estas besto.	しかし、私は動物ではありません。	But I am not an animal.	Saluton		
Saluton	Mi trinkas benzinon.	私はガソリンを飲みます。	I drink petrol.	Saluton		
Saluton	Mi estas tre granda.	私はとても大きいです。	I am very big.	Saluton		
Saluton	Mi estas blanka.	私は白いです。	I am white.	Saluton		
Saluton	Mi estas globa.	私は球体です。	I am global.	Saluton		
Saluton	Mia patrino estas kokino.	私の母は鶏です。	My mother is a hen.	Saluton		
Saluton	Mi estas en la mezo de Linio Jamanote.	山手線の真ん中にいます。	I’m in the middle of the Yamanote Line.	Saluton		
Saluton	Mi povas kuri tre rapide.	私はとても速く走ることができます。	I can run very fast.	Saluton		
Saluton	Mi povas iri pli rapide ol jeto, ol spacoŝipo.	私はジェット機よりも宇宙船よりも速く移動できます。	I can go faster than a jet, than a spaceship.	Saluton		
Saluton	Mi povas kuri plej rapide.	私は一番速く走れます。	I can run the fastest.	Saluton		
Saluton	Mi povas iri al la luno en ĉirkaŭ 1.3 sekundoj.	約1.3秒で月に行けます。	I can go to the moon in about 1.3 seconds.	Saluton		
Saluton	Mi estas bela, granda kaj konusa.	私は美しく、大きく、円錐形です。	I am beautiful, big and conical.	Saluton		
Saluton	Vi povas vidi min de Tokio en bela tago.	天気の良い日には東京からも見えますよ。	You can see me from Tokyo on a nice day.	Saluton		
Saluton	Kelkfoje mi havas neĝon sur mia kapo.	頭の上に雪が積もることもあります。	Sometimes I have snow on my head.	Saluton		
Saluton	Mi estas tre bela.	私は非常に美しいです。	I am very beautiful.	Saluton		
Saluton	Oni amas mian ĉarman kaj enigman rideton.	人々は私の魅力的で謎めいた笑顔が大好きです。	People love my charming and enigmatic smile.	Saluton		
Saluton	Mi estas belulino kun la plej ĉarma rideto.	私は最も魅力的な笑顔を持つ美人です。	I am a beauty with the most charming smile.	Saluton		
Saluton	Mi loĝas en la muzeo en Parizo.	私はパリの美術館に住んでいます。	I live in the museum in Paris.	Saluton		
Saluton	Mi estas amata de multaj geknaboj en Japanio	私は日本の多くの少年少女に愛されています	I am loved by many boys and girls in Japan	Saluton		
Saluton	Ili povas vidi min sur televidilo.	彼らは私をテレビで見ることができます。	They can see me on TV.	Saluton		
Saluton	Mi estas forta, kaj aminda.	私は強くて、素敵です。	I am strong, and lovely.	Saluton		
Saluton	Ĉu la ĉapo estas ĉapo de Taro?	キャップは太郎のですか？	Is the cap a Taro cap?	Saluton		
Saluton	Kies estas la monero?	誰のコインですか？	Whose coin is it?	Saluton		
Saluton	Kies dentobroso?	誰の歯ブラシ？	Whose toothbrush?	Saluton		
Bonan nokton	Kies estas la libro?	それは誰の本ですか？	Whose book is it?	Bonan nokton		
Bonan nokton	Kies estas la krajono?	それは誰の鉛筆ですか？	Whose pencil is it?	Bonan nokton		
Bonan nokton	Ĉu la plumo estas plumo de Miĉiko?	そのペンは美智子のペンですか？	Is the pen Michiko’s pen?	Bonan nokton		
Bonan nokton	Kiom da blokoj troviĝas?	ブロックは何個ありますか?	How many blocks are there?	Bonan nokton		
Bonan nokton	Kiom da kvadratoj?	正方形は何個ですか？	How many squares?	Bonan nokton		
Bonan nokton	Kiom da trianguloj troviĝas?	三角形はいくつありますか?	How many triangles are there?	Bonan nokton		
Bonan nokton	Kiom da trianguloj kaj kiom da kvadratoj?	三角形と正方形は何個ありますか?	How many triangles and how many squares?	Bonan nokton		
Bonan nokton	Nun estas la 6-a horo antaŭtagmeze en Tokio.	現在東京は朝の6時です。	It is now 6 o’clock in the morning in Tokyo.	Bonan nokton		
Bonan nokton	Kioma horo nun estas?	今何時ですか？	What time is it now?	Bonan nokton		
Bonan nokton	Kioma horo nun estas en Bagdado?	バグダッドは今何時ですか?	What time is it in Baghdad now?	Bonan nokton		
Bonan nokton	Nun estas la 1-a horo atm. en Bagdado.	現在、午前1時です。バグダッドで。	It is now 1 o’clock atm. in Baghdad.	Bonan nokton		
Bonan nokton	Kiam Ĉefministro Kisida ellitiĝas je la 8-a atm. en Tokio.	岸田首相が朝８時に起きると。東京で。	When Prime Minister Miyazawa gets up at 8 a.m. in Tokyo.	Bonan nokton		
Bonan nokton	ĉu Prezidento Putin ankaŭ ellitiĝas en Moskvo?	プーチン大統領もモスクワで起きますか？	does President Yeltsin also get up in Moscow?	Bonan nokton		
Bonan nokton	Ne! Ĉar kiam Kisida vekiĝas je la 8-a atm. en Tokio.	いいえ！岸田が起きるのは8時だから。東京では。	No! Because when Miyazawa wakes up at 8 atm. in Tokyo.	Bonan nokton		
Bonan nokton	La tempo en Moskvo estas 9-a horo.	モスクワの時間は9時です。	The time in Moscow is 9 o’clock.	Bonan nokton		
Bonan nokton	Kaj eble Putin estas ankoraŭ en la lito!	そしてもしかしたらプーチンはまだ寝ているかもしれない！	And maybe Yeltsin is still in bed!	Bonan nokton		
Bonan nokton	Nun estas la 3-a horo atm. en Havajo.	現在午前3時です。ハワイで。	It is now 3 o’clock atm. in Hawaii.	Bonan nokton		
Bonan nokton	Kioma horo nun estas en Londono?	ロンドンは今何時ですか?	What time is it in London now?	Bonan nokton		
Bonan nokton	Nun estas la 7-a horo ptm. en Tokio.	今は午後7時です。東京で。	It is now 7 pm. in Tokyo.	Bonan nokton		
Bonan nokton	Kioma horo nun estas en Novjorko?	ニューヨークは今何時ですか?	What time is it in New York now?	Bonan nokton		
Bonan nokton	Nun estas la 11-a horo ptm. en Moskvo.	今は午後11時です。モスクワで。	It is now 11 pm. in Moscow.	Bonan nokton		
Bonan nokton	Nun estas la 8-a atm. en Nov-Delio.	今は午前8時です。ニューデリーで。	It is now 8 am. in New Delhi.	Bonan nokton		
Bonan nokton	Kioma horo nun estas en Tokio?	東京は今何時ですか?	What time is it in Tokyo now?	Bonan nokton		
Bonan nokton	Kurso de Esperanto	エスペラント語講座	Esperanto course	Bonan nokton		
Bonan nokton	Ŝi ŝatas legi librojn.	彼女は本を読むのが好きです。	She likes to read books.	Bonan nokton		
Bonan nokton	Ŝi legas eĉ starante!	彼女は立ったまま本を読んでいます！	She reads even standing up!	Bonan nokton		
Bonan nokton	La maljunulo ne povis ne trinki bieron,	おじいさんはビールを飲まずにはいられませんでした。	The old man could not help drinking beer,	Bonan nokton		
Bonan nokton	Mi volas manĝi.	食べたい。	I want to eat.	Bonan nokton		
Bonan nokton	Donu al mi manĝaĵon, Panjo!	食べ物をください、お母さん！	Give me food, Mom!	Bonan nokton		
Bonan nokton	Ŝi devas telefoni al li.	彼女は彼に電話しなければなりません。	She has to call him.	Bonan nokton		
Bonan nokton	Mi povas skii.	スキーができます。	I can ski.	Bonan nokton		
Bonan nokton	Mi tre ŝatas surfrajdi.	私はサーフィンが大好きです。	I really like to surf.	Bonan nokton		
Bonan nokton	Ni sumou.	相撲をしましょう。	Let’s add up.	Bonan nokton		
Bonan nokton	Ek! Mi ne volas esti venkita.	えっ！負けたくない。	Ek! I don’t want to be defeated.	Bonan nokton		
Bonan nokton	Mi ŝatas ludi kartojn kun Paĉjo.	私はお父さんとトランプをするのが好きです。	I like to play cards with Dad.	Bonan nokton		
Bonan nokton	Brave!	勇敢な！	Bravo!	Bonan nokton		
Bonan nokton	Mi povas rajdi biciklon.	私は自転車に乗ることができます。	I can ride a bike.	Bonan nokton		
Bonan nokton	Rapide povas flugi Superhomo.	スーパーマンは速く飛ぶことができます。	Superman can fly fast.	Bonan nokton		
Bonan nokton	Ili ŝatas baniĝi.	彼らはお風呂が好きです。	They like to bathe.	Bonan nokton		
Bonan nokton	Mi povas studi, aŭskultante muzikon.	音楽を聴きながら勉強できます。	I can study while listening to music.	Bonan nokton		
Bonan nokton	Mi ne volas supreniri ŝtuparon.	階段を登りたくない。	I don’t want to climb stairs.	Bonan nokton		
Bonan nokton	Mi ne volas morti.	死にたくない。	I don’t want to die.	Bonan nokton		
Bonan nokton	Mi volas kisi vin.	キスしたい。	I want to kiss you.	Bonan nokton		
Bonan nokton	Ŝi ne ŝatas trinki.	彼女はお酒が好きではありません。	She doesn’t like to drink.	Bonan nokton		
Bonan nokton	Ŝi devas trinki, ĉar ĝi estas laboro.	彼女は仕事なので飲まなければなりません。	She has to drink because it’s work.	Bonan nokton		
Bonan nokton	Ĉu ŝi povas ludi tenison lerte?	彼女は上手にテニスができますか?	Can she play tennis well?	Bonan nokton		
Bonan nokton	Ĉu vi scias, kion ĉi tiu vojmarko signifas?	この道路標識が何を意味するか知っていますか?	Do you know what this road sign means?	Bonan nokton		
Bonan nokton	Jes, mi scias.	はい、知っています。	Yes, I know.	Bonan nokton		
Bonan nokton	La alfabeto P signifas parkejo, ĉu ne?	Pって駐車場の略ですよね？	The letter P stands for parking lot, right?	Bonan nokton		
Amiko	Jes, prave.	はい、そうです。	Yes, right.	Amiko		
Amiko	Ĉu vi scias ĉi tiun vojmarkon?	この道路標識を知っていますか？	Do you know this road sign?	Amiko		
Amiko	Jes. Ĝi signifas, ke aŭtoj ne povas eniri.	はい。つまり車は進入できません。	Yes. It means that cars cannot enter.	Amiko		
Amiko	Jen alia vojmarko!	これまた道路標識です！	This is another road sign!	Amiko		
Amiko	Ĝi signifas, ke eble ŝtonoj falos.	もしかしたら石が落ちてくるかもしれないということです。	It means that maybe stones will fall.	Amiko		
Amiko	Mi demandas vin.	お願いだから。	I’m asking you.	Amiko		
Amiko	Mi preparis strangajn bildojn.	変な写真を用意しました。	I prepared strange pictures.	Amiko		
Amiko	Do, diru al mi, kio estas eraro!	それで、何が間違っているのか教えてください！	So, tell me what is wrong!	Amiko		
Amiko	La knabo skias per japanaj glavoj.	少年は日本刀を持ってスキーをする。	The boy skis with Japanese swords.	Amiko		
Amiko	Ĉu vi povas skii sen skibastonoj?	ストックなしでスキーはできますか?	Can you ski without ski poles?	Amiko		
Amiko	Ŝi intencas ludi tenison, sed ĉu ŝi povas ludi tenison per basbala batilo?	彼女はテニスをするつもりですが、野球のバットでテニスできますか?	She intends to play tennis, but can she play tennis with a baseball bat?	Amiko		
Amiko	La instruisto skribas sur skribtabulo per tuĉpeniko sed ne per kreto.	先生は黒板に毛筆で書きますが、チョークでは書きません。	The teacher writes on the blackboard with a brush but not with chalk.	Amiko		
Amiko	La knabo intencas manĝi bifstekon per kuirtranĉilo kaj manĝobastonetoj sed ne per tranĉilo kaj forko.	少年はステーキを包丁と箸で食べるつもりですが、ナイフとフォークでは食べません。	The boy intends to eat a steak with a kitchen knife and chopsticks but not with a knife and fork.	Amiko		
Amiko	Li ludas violonon per sago anstataŭ per kordo.	彼は弦の代わりに矢を使ってバイオリンを弾きます。	He plays the violin with an arrow instead of a string.	Amiko		
Amiko	Bonvolu sciigi al mi la vojon.	道を教えてください。	Please let me know the way.	Amiko		
Amiko	Pardonon, s-ro Kon! Mi volas iri al Japana Ambasado.	コンさん、ごめんなさい！日本大使館に行きたいです。	Sorry, Mr. Kon! I want to go to the Japanese Embassy.	Amiko		
Amiko	Ĉu vi bonvolus sciigi al mi la vojon tien?	そこへの道を教えていただけますか？	Could you please let me know the way there?	Amiko		
Amiko	Jes, volonte! Marŝu tri stratblokojn laŭ ĉi tiu strato kaj turnu vin maldekstren.	はい、喜んで！この通りを 3 ブロック歩いて左折してください。	Yes, willingly! Walk three blocks down this street and turn left.	Amiko		
Amiko	Vi trovos bankon maldekstre.	左側に銀行が見つかります。	You will find a bank on the left.	Amiko		
Amiko	Koran dankon!	どうもありがとうございます！	Thank you very much!	Amiko		
Amiko	Ne, tute ne!	いえ、全然違います！	No, not at all!	Amiko		
Amiko	Ĝis revido!	さようなら！	Goodbye!	Amiko		
Amiko	Ĝis!	さよなら！	Bye!	Amiko		
Amiko	Stetoskopo, Inter paciento kaj mi, Rideto!	聴診器、患者と私の間に微笑み	Stethoscope, Between patient and me, Smile!	Amiko		
Amiko	Malnova lageto, Rano saltas, Sono de Akvo	古池、カエル飛び込む水の音	Old pond, Frog jumps, Sound of Water	Amiko		
Amiko	Glaciaĵo, Ventumilo, ventotintilo, Ankoraŭ tro varme	アイスクリーム、扇風機、風鈴、まだ暑すぎる	Ice cream, Fan, wind chime, Still too hot	Amiko		
Amiko	Venu kaj ludu, kun mi, paserido, Sen gepatroj	吾と来て、遊べや親のないスズメ、	Come and play, with me, sparrow, Without parents	Amiko		
Amiko	80 Kmh, ĉe la angulo de okuloj, Azaleo floras!	時速80キロ、視界の隅にツツジかな！	80 Km/h, at the corner of eyes, Azalea blooms!	Amiko		
Amiko	Mi simple esprimas jene : "Lageto Rano Plaŭd!"	シンプルに表現すると「池、蛙、ボチャ」です。	I simply express it like this: "Pond Frog Splash!"	Amiko		
Amiko	La aŭtoro devas esti bonkora homo.	作者はきっと優しい人なんでしょうね。	The author must be a kind person.	Amiko		
Amiko	Li vidas sin mem en la birdeto.	彼は小鳥の中に自分自身を見ます。	He sees himself in the little bird.	Amiko		
Amiko	Mi neniam spertis tian tagon. Ne tolereble!	こんな日は今まで経験したことがありません。耐えられない！	I have never experienced a day like this. Not tolerable!	Amiko		
Amiko	Mi stiris aŭton sur aŭtovojo.	私は高速道路で車を運転していました。	I was driving a car on a highway.	Amiko		
Amiko	Mi rimarkis belan floron dum la stirado.	車を運転中に美しい花に気づきました。	I noticed a beautiful flower while driving.	Amiko		
Amiko	Mi estas doktoro.	私は医者です。	I am a doctor.	Amiko		
Amiko	Mi ĝojas, ĉar ŝi iom resaniĝis.	少し回復したので良かったです。	I am glad because she has recovered a little.	Amiko		
Amiko	Pluvo refoje, Kontraŭ griza ĉielo, Ombreloj floras!	またも雨 灰色の空よ 傘の花!	Rain once again, Against gray everywhere, Umbrellas bloom!	Amiko		
Amiko	Ni lernu per japana literaturo.	日本文学を通して学ぼう。	Let’s learn through Japanese literature.	Amiko		
Amiko	Mi estas kato.	吾輩は猫である。	I am a cat.	Amiko		
Amiko	Ankoraŭ nun mi ne havas nomon.	まだ名前がありません。	I still don’t have a name.	Amiko		
Amiko	Mi ne scias, kie mi naskiĝis.	どこで生まれたのか分かりません。	I don’t know where I was born.	Amiko		
Amiko	Ĉio, kion mi memoras, estas ke mi miaŭis en la malseka loko, kaj tiam mi vidis homon por la unua fojo.	湿った場所でニャーと鳴いていることだけを覚えているのですが、初めて人を見ました。	All I remember is meowing in the wet place, and then I saw a person for the first time.	Amiko		
Amiko	Antaŭ longa tempo, estis viro.	昔々、ある男がいました。	A long time ago, there was a man.	Amiko		
Amiko	Li fariĝis grave malsana.	彼は重篤な病気になった。	He became seriously ill.	Amiko		
Amiko	Kaj li konis en la koro ke li baldaŭ mortos.	そして彼は自分がもうすぐ死ぬことを心の中で知っていました。	And he knew in his heart that he would soon die.	Amiko		
Amiko	En la fino - ĉi vojon, ĉiuj homoj devas iri.	結局のところ、この道をすべての人が行かなければなりません。	In the end - this way, all people must go.	Amiko		
La amiko	Ĉi tion mi ĉiam konis, Sed hieraŭ aŭ hodiaŭ	これはずっと分かっていたことだけど、昨日か今日かとは思わなかった	This I have always known, But yesterday or today	La amiko		
La amiko	Ne! Neniam mi pripensis pri ĝi.	いいえ！考えたこともありませんでした。	No! I never thought about it.	La amiko		
La amiko	Kiam la vojo komencis serpentumi kaj ŝajnis, ke la montopasejo.	道が曲がりくねる峠。	When the road started winding and it seemed that the mountain pass	La amiko		
La amiko	Amagi estas jam proksima.	天城はもう近い。	Amagi is already close.	La amiko		
La amiko	Pluvo postkuris min kun terura rapideco el la direkto de la montopiedo.	雨が山の麓の方向から恐ろしいスピードで私を追いかけてきた。	Rain chased me with terrible speed from the direction of the foot of the mountain.	La amiko		
La amiko	Kolorante blanka la densan arbaron de kriptomerioj.	スギの密林を白く染める。	Coloring white the dense forest of cryptomeria.	La amiko		
La amiko	Kiu vi estas?	あなたは誰ですか？	Who are you?	La amiko		
La amiko	Kiu dato estas hodiaŭ?	今日、何日？	What date is today?	La amiko		
La amiko	Kiu tago de la semajno hodiaŭ estas?	今日は何曜日ですか?	What day of the week is today?	La amiko		
La amiko	Kiom da jaroj vi havas?	何歳ですか？	How old are you?	La amiko		
La amiko	Kiom da krajonoj vi havas nun?	あなたは今何本の鉛筆を持っていますか？	How many pencils do you have now?	La amiko		
La amiko	Kiom da geamikoj vi havas nun?	あなたには今何人の友達がいますか？	How many friends do you have now?	La amiko		
La amiko	Je kioma horo vi enlitiĝas?	何時に寝るの？	What time do you go to bed?	La amiko		
La amiko	Kiam vi naskiĝis?	いつ産まれましましたか？	When were you born?	La amiko		
La amiko	Kio estas la unua tago de la semajno?	週の最初の日は何ですか?	What is the first day of the week?	La amiko		
La amiko	Kiun manĝaĵon vi plej ŝatas?	一番好きな食べ物は何ですか?	What food do you like the most?	La amiko		
La amiko	Kiom da homoj loĝas en Japanujo?	日本には何人住んでいますか?	How many people live in Japan?	La amiko		
La amiko	Kion li faras nun?	彼は今何をしていますか？	What is he doing now?	La amiko		
La amiko	Kiun sporton vi ŝatas?	どのスポーツが好きですか?	What sport do you like?	La amiko		
La amiko	Kiu estas prezidento de Usono?	アメリカの大統領は誰ですか?	Who is the president of the United States?	La amiko		
La amiko	Kie okazis U.K. lastajare?	去年世界大会はどこで開催された?	Where did the UK last year?	La amiko		
La amiko	Kie Zamenhof naskiĝis?	ザメンホフはどこで生まれましたか?	Where was Zamenhof born?	La amiko		
La amiko	Kio estas la ĉefurbo de Hispanujo?	スペインの首都はどこですか?	What is the capital of Spain?	La amiko		
La amiko	Kiun TV programeron vi plej ŝatas?	どのテレビ番組が一番好きですか?	Which TV program do you like the most?	La amiko		
La amiko	Kien vi volas iri?	どこへ行きたい？	Where do you want to go?	La amiko		
La amiko	Kie okazis U.K. en ĉi tiu jaro?	今年は世界大会はどこで開催されましたか?	Where did the UK take place this year?	La amiko		
La amiko	Kies estas la banano?	バナナは誰のものですか？	Whose is the banana?	La amiko		
La amiko	Feliĉo estas preĝi al Dio kun familianoj en vespero.	幸せとは、夜に家族と一緒に神に祈ることです。	Happiness is praying to God with family members in the evening.	La amiko		
La amiko	Feliĉo estas ĝui sufiĉe longan dormadon en dimanĉa mateno.	幸せとは、日曜日の朝に十分な睡眠を楽しむことです。	Happiness is enjoying a long enough sleep on a Sunday morning.	La amiko		
La amiko	Feliĉo estas aŭskulti belegan muzikon.	幸せは美しい音楽を聴くことです。	Happiness is listening to beautiful music.	La amiko		
La amiko	Feliĉo estas kanti laŭte en la banejo.	お風呂で大声で歌うのが幸せ。	Happiness is singing out loud in the bath.	La amiko		
La amiko	Feliĉo estas revidi malnovajn amikojn en Universala Kongreso.	幸福は、世界大会で旧友に再会することだ。	Happiness is seeing old friends again in a Universal Congress.	La amiko		
La amiko	Feliĉo estas kanti Simfonion Numeron 9 de Beethoven.	ベートーベンの交響曲第9番を歌うのが幸せです。	Happiness is singing Beethoven's Symphony Number 9.	La amiko		
La amiko	Feliĉo estas kunligitaj manoj.	幸せは手を繋ぐこと。	Happiness is joined hands.	La amiko		
La amiko	Feliĉo estas ricevi leteron de nova amiko.	幸せは新しい友達から手紙を受け取ることです。	Happiness is receiving a letter from a new friend.	La amiko		
La amiko	Kio estas amo?	愛とは？	What is love?	La amiko		
La amiko	Amo estas sunlumo, maro kaj freŝa aero.	愛は太陽の光、海、そして新鮮な空気です。	Love is sunlight, sea and fresh air.	La amiko		
La amiko	Amo estas alporti malgrandan lumon al la malsana amiko.	愛は病気の友人に少しの平安をもたらします。	Love is bringing a little peace to a sick friend.	La amiko		
La amiko	Amo estas esperi, ke ŝi fartas bone.	愛とは彼女が無事であることを願うことです。	Love is hoping she’s okay.	La amiko		
La amiko	Amo estas iri kunkune mano en mano.	愛は手をつないで一緒に歩くことです。	Love is walking together hand in hand.	La amiko		
La amiko	Amo estas montogrimpado.	愛は登山です。	Love is mountain climbing.	La amiko		
La amiko	Amo estas telefoni al malnova amiko.	愛は古い友人に電話をかけることです。	Love is calling an old friend.	La amiko		
La amiko	Amo estas marŝi kune en neĝo.	愛は雪の中を一緒に歩くことです。	Love is walking together in snow.	La amiko		
La amiko	Amo estas pacience elteni.	愛は忍耐強く耐えるものです。	Love is patiently enduring.	La amiko		
La amiko	Kartoludo por lerni verbojn	動詞を学ぶカードゲーム。	A card game to learn verbs	La amiko		
La amiko	Li kuras de Novjorko al Losanĝelo.	彼はニューヨークからロサンゼルスまで走ります。	He runs from New York to Los Angeles.	La amiko		
En kafejo	La kato kun okulvitroj legas libron.	メガネをかけた猫は本を読みます。	The cat with glasses reads a book.	En kafejo		
En kafejo	Patro kaj filo ludas kartojn. Patrino servas teon.	父と息子のトランプ遊び。お母さんがお茶を出してくれます。	Father and son play cards. Mother serves tea.	En kafejo		
En kafejo	Li supreniras ŝtuparon.	彼は階段を上ります。	He goes up a flight of stairs.	En kafejo		
En kafejo	Mi ŝatas surfrajdi.	私はサーフィンが好きです。	I like to surf.	En kafejo		
En kafejo	Mi volas grimpi sur monton.	山に登りたいです。	I want to climb a mountain.	En kafejo		
En kafejo	Mi povas paŝi per manoj.	手を使って歩けます。	I can step with my hands.	En kafejo		
En kafejo	Aŭskultante muzikon, li endormiĝas.	音楽を聴きながら彼は眠りに落ちます。	Listening to music, he falls asleep.	En kafejo		
En kafejo	Dankon, Esperanto!	ありがとう、エスペラント語！	Thank you, Esperanto!	En kafejo		
En kafejo	Nozomu vojaĝis en Eŭropo lastatempe.	望さんは最近ヨーロッパを旅行しています。	Nozomu has been traveling in Europe recently.	En kafejo		
En kafejo	Jen estas lia parolado pri la vojaĝo.	これが彼の旅行についてのスピーチです。	Here is his speech about the trip.	En kafejo		
En kafejo	Mi vojagis en Portugalio, Hispanio, Italio, kaj Francio.	ポルトガル、スペイン、イタリア、フランスを旅行しました。	I traveled in Portugal, Spain, Italy, and France.	En kafejo		
En kafejo	La simileco de Esperanto al eŭropaj lingvoj mirigis min tre multe.	エスペラント語がヨーロッパ言語に似ていることに私はとても驚きました。	Esperanto’s similarity to European languages surprised me a lot.	En kafejo		
En kafejo	Jen estas ekzemploj!	以下に例を示します。	Here are examples!	En kafejo		
En kafejo	Kiam mi deziras trinki mineralan akvon en Parizo, mi diras, "Eau mineral!"	パリでミネラルウォーターが飲みたいときは「オーミネラル！」と言います。	When I want to drink mineral water in Paris, I say, "Eau mineral!"	En kafejo		
En kafejo	Kiam mi salutas dum la tago en Italio, mi diras, "Buon giorno!"	イタリアで日中に挨拶するときは、「Buon giorno!」と言います。	When I say hello during the day in Italy, I say, "Buon giorno!"	En kafejo		
En kafejo	En Portugalio mi diras, "Boa tarde!”	ポルトガルでは「ボア・タルデ！」と言います。	In Portugal I say, "Boa tarde!"	En kafejo		
En kafejo	En Esperantujo mi diras, "Bonan tagon!"	エスペラント語で「こんにちは！」と言います。	In Esperanto I say, "Good day!"	En kafejo		
En kafejo	Cu vi ne pensas, ke Esperanto tre similas al eŭropaj lingvoj?	エスペラント語はヨーロッパの言語にとても似ていると思いませんか?	Don’t you think that Esperanto is very similar to European languages?	En kafejo		
En kafejo	Mi ne sentis malfacilaĵon dum mia vojaĝo danke al Esperanto kaj Esperantistoj!	エンペラントとエスペランティストのおかげで、旅行中は何の困難も感じませんでした。	I didn’t feel any difficulty during my trip thanks to Esperanto and Esperantists!	En kafejo		
En kafejo	Respondu en Esperanto!	エスペラント語で答えてください！	Answer in Esperanto!	En kafejo		
En kafejo	Kie Nozomu vojaĝis?	のぞむさんはどこへ行きましたか？	Where did Nozomu travel?	En kafejo		
En kafejo	Kio mirigis Nozomu dum la vojaĝo?	旅行中に望さんが驚いたことは何ですか？	What surprised Nozomu during the trip?	En kafejo		
En kafejo	Kio estas "sinjoro" en la hispana lingvo?	スペイン語で「先生」は何と言うのでしょうか？	What is "sinjoro" in Spanish?	En kafejo		
En kafejo	Ĉu vi ne pensas, ke Esperanto similas al la franca lingvo?	エスペラント語はフランス語に似ていると思いませんか?	Don’t you think that Esperanto is similar to the French language?	En kafejo		
En kafejo	Itala ĉiĉerono klarigis al mi, "Vivocelo de italoj estas 「Mangiare, amore, kantare!」"	イタリア人のガイドさんは「イタリア人の人生の目的は『マンジャーレ、アモーレ、カンターレ！』です」と説明してくれました。	An Italian tour guide explained to me, "The purpose of life of Italians is 「Mangiare, amore, kantare!」"	En kafejo		
La amiko	Italoj laboras inter ludo kaj ludo.	イタリア人は試合の合間に仕事をする。	Italians work between games.	La amiko		
La amiko	Japanoj ludas inter laboro kaj laboro.	日本人は仕事と仕事の合間に遊びます。	Japanese play between work and work.	La amiko		
La amiko	Ŝia klarigo ŝokis min, ĉar mi estas unu el "workaholics" (laboroholismo) vivantaj en kuniklejo.	私はうさぎの穴に住んでいる「ワーカホリック」の一人なので、彼女の説明は私に衝撃を与えました。	Her explanation shocked me, because I am one of the "workaholics" living in a rabbit hole.	La amiko		
La amiko	Kion mi pripensas nun estas, ke mi deziras ĝui mian vivon ne nur kiel "laboroholismo" sed ankaŭ kiel "ludoholismo".	今考えているのは、「ワーカホリズム」だけでなく「遊びホリズム」としても人生を楽しみたいということです。	What I am thinking now is that I wish to enjoy my life not only as a "workaholism" but also as a "playaholism".	La amiko		
En kafejo	Kio estas vivocelo de italoj?	イタリア人の人生の目的は何ですか?	What is the purpose of life of Italians?	En kafejo		
En kafejo	Kio estas vivocelo de japanoj?	日本人の人生の目的は何ですか？	What is the purpose of life of Japanese people?	En kafejo		
En kafejo	Kio ja estas via vivocelo?	あなたの人生の目的は何ですか？	What is your purpose in life?	En kafejo		
En kafejo	Kiel vi pensas pri tio?	あれについてどう思う？	What do you think about that?	En kafejo		
En kafejo	Ĉu vi pensas ke japanoj estas treege laboremaj?	日本人は非常に勤勉だと思いますか。	Do you think Japanese people are extremely hardworking?	En kafejo		
En kafejo	Ĉu ferma ĉambro aŭ malfermita?	それは閉じられた部屋ですか、それとも開いた部屋ですか?	Is it a closed room or an open one?	En kafejo		
En kafejo	Lerni kaj paroli nur patrinan lingvon estas kvazaŭ ni vivus en la ĉambro sen fenestroj nek pordoj.	母語だけを学び話すことは、窓やドアのない部屋に住んでいるようなものです。	Learning and speaking only the mother tongue is like living in a room without windows or doors.	En kafejo		
En kafejo	Ĝi estas malhela kaj fermita.	暗くて閉まっている。	It is dark and closed.	En kafejo		
En kafejo	Fremdaj lingvoj alportas novan lumon al la ĉambro.	外国語は部屋に新しい光をもたらします。	Foreign languages bring new light to the room.	En kafejo		
En kafejo	Ekzemple, lernantoj en Osaka ricevis leterojn kaj bildojn de svedaj lernantoj pere de la du esperantistaj instruistoj.	例えば、大阪の生徒たちはエスペランティストの二人の教師を通じてスウェーデンの学生の手紙と写真を受け取りました。	For example, students in Osaka received letters and pictures of Swedish students through the two Esperantist teachers.	En kafejo		
En kafejo	Tiam japanaj lernantoj miris, ke svedaj infanoj pentris la sunon per flava koloro.	すると日本の生徒たちは、スウェーデンの子供たちが太陽を黄色で描いたことに驚きました。	Then Japanese students were amazed that Swedish children painted the sun with yellow color.	En kafejo		
En kafejo	Kvankam japanoj per ruĝa!	日本人なのに赤！	Although Japanese with red!	En kafejo		
En kafejo	Kaj se ni havas korespondantojn en diversaj landoj, ni povas havi rektan kontakton.	さまざまな国に文通相手がいる場合は、直接連絡を取ることができます。	And if we have correspondents in different countries, we can have direct contact.	En kafejo		
En kafejo	Kaj se ni havas esperantistajn korespondantojn en diversaj landoj, ni povas scii diversajn aferojn.	そして、各国にエスペランティストの特派員がいれば、いろいろなことが分かる。	And if we have Esperantist correspondents in various countries, we can know various things.	En kafejo		
Renkonto	Kion alportas fremdaj lingvoj?	外国語は何をもたらしますか？	What do foreign languages bring?	Renkonto		
Renkonto	Kial japanaj lernantoj miris?	なぜ日本の学生は驚いたのでしょうか？	Why were Japanese students surprised?	Renkonto		
Renkonto	Ĉu vi loĝas en "la fermita ĉambro"?	あなたは「閉ざされた部屋」に住んでいますか？	Do you live in "the closed room"?	Renkonto		
Renkonto	Aligato, aligatoro	アリゲーター、アリゲーター	Aligato, alligator	Renkonto		
Renkonto	Mi estas aligatoro. Mia nomo estas Aligato.	私はワニです。私の名前はアリガートです。	I’m an alligator. My name is Aligato.	Renkonto		
Renkonto	Mi loĝas en Paletro-Insulo.	私はパレトロ島に住んでいます。	I live in Paletro Island.	Renkonto		
Renkonto	En Paletro-Insulo, multaj floroj floras.	パレトロ島にはたくさんの花が咲きます。	In Paletro Island, many flowers bloom.	Renkonto		
Renkonto	Paletro-Insulo estas tre bona insulo.	パレトロ島はとても良い島です。	Paletro Island is a very good island.	Renkonto		
Renkonto	Aligato nun legas libron.	アリガートは今本を読んでいます。	Aligato is now reading a book.	Renkonto		
Renkonto	Iun tagon, Trombo ekestis abrupte.	ある日、竜巻が突然発生しました。	One day, Thrombus arose abruptly.	Renkonto		
Renkonto	Trombo atakis kaj envolvis Aligaton.	竜巻はアリガートを襲い巻き込んだ。	Trombo attacked and enveloped Aligato.	Renkonto		
Renkonto	Turniĝas kaj turniĝas Trombo.	竜巻は回りに回ります。	Turns and turns Trombo.	Renkonto		
Renkonto	Turniĝas kaj turniĝas la okuloj de Aligato!	アリガートの目がぐるぐる回る！	Aligato’s eyes turn and turn!	Renkonto		
Renkonto	Vi vidu la okulojn de Aligato!	アリガートの目を見てください！	See Aligato’s eyes!	Renkonto		
Renkonto	Kiom da horoj pasis? Kie mi estas?	何時間経ちましたか？ここはどこ？	How many hours have passed? Where am I?	Renkonto		
Renkonto	Tamen iel mi estas ekster danĝero!	でも、なんとか危機は脱しました！	However, somehow I am out of danger!	Renkonto		
Renkonto	Kun granda timo, Aligato malfermas la okulojn.	アリガートは大きな恐怖を感じながら目を開ける。	With great fear, Aligato opens his eyes.	Renkonto		
Renkonto	Ŝtelrigardante suben, Aligato timegis.	下を覗いて、アリガートは怯えていた。	Peeking down, Aligato was frightened.	Renkonto		
Renkonto	La okuloj de Aligato turniĝas!	アリガートの目が回る！	Aligato’s eyes are spinning!	Renkonto		
Renkonto	Kio estas “Aligato”?	「アリガート」とは何ですか？	What is "Aligato"?	Renkonto		
Renkonto	Kie li loĝas?	どこに住んでいますか？	Where does he live?	Renkonto		
Renkonto	Kio ekestis en la insulo?	島では何が起こったのでしょうか？	What arose in the island?	Renkonto		
Renkonto	Kiuj turniĝas?	何が回ってますか？	Who are turning?	Renkonto		
Renkonto	La trombo atakis Aligaton, kaj kien ĝi forprenis Aligaton?	竜巻がアリガートを襲い、アリガートはどこへ行ったのでしょうか？	The thrombus attacked Aligato, and where did it take Aligato?	Renkonto		
Renkonto	En la sekvanta mateno helikoptero venis.	翌朝、ヘリコプターがやって来た。	The next morning a helicopter came.	Renkonto		
Renkonto	Tio estas aligatoro!	あれはアリゲーターだ！	That’s an alligator!	Renkonto		
Renkonto	Ni iru tuj!	さあ、行きましょう！	Let’s go now!	Renkonto		
Renkonto	Li estas tre malsana!	彼はとても病気なのです！	He is very sick!	Renkonto		
Renkonto	Ni portu lin tuj!	すぐに彼を連れて行きましょう！	Let’s take him immediately!	Renkonto		
Renkonto	Malsana Aligato estas nun en hospitalo.	病気のアリガートさんは現在入院中。	Sick Aligato is now in hospital.	Renkonto		
Renkonto	Ĉi tiu aligatoro estas malsana!	このワニは病気です！	This alligator is sick!	Renkonto		
Renkonto	Li havas malaltan febron.	彼は微熱があります。	He has a low fever.	Renkonto		
Renkonto	Ni metu lin en la banujon!	風呂に入れてあげましょう！	Let’s put him in the bathtub!	Renkonto		
Renkonto	Jes, doktoro!	はい、博士！	Yes, doctor!	Renkonto		
Renkonto	Unuafoja baniĝo por Aligato!	アリガトの初のお風呂！	First time bathing for Alligato!	Renkonto		
Renkonto	Mi estas finita!!	私は終わった！駄目だこりゃー	I’m done!!	Renkonto		
Renkonto	En la sekvanta mateno, la dua doktoro venas.	翌朝、二人目の医師がやって来ます。	The next morning, the second doctor comes.	Renkonto		
Renkonto	Ĉi tiu aligatoro estas malsata. Donu al li manĝaĵon!	このワニはお腹が空いています。彼に食べ物を与えてください！	This alligator is hungry. Give him food!	Renkonto		
Renkonto	Jes, doktoro! Mi komprenas!	はい、博士！わかりました！	Yes, doctor! I understand!	Renkonto		
Renkonto	Sed Aligato manĝis manĝaĵon kun telero.	しかし、アリガートは皿の食べ物を食べました。	But Aligato ate food with a plate.	Renkonto		
Renkonto	Li manĝis kaj manĝis kaj fariĝis malsana.	彼は食べても食べても病気になりました。	He ate and ate and became sick.	Renkonto		
Renkonto	Kio venis por savi Aligaton?	アリガートを救ったのは何ですか？	What came to save Aligato?	Renkonto		
Renkonto	Ĉu Aligato havis altan febron aŭ malaltan?	アリガートは高熱を出しましたか、それとも低熱を出しましたか?	Did Aligato have a high fever or a low one?	Renkonto		
Renkonto	Ĉu Aligato havis sperton baniĝi multefoje?	アリガートさんは何度もお風呂に入った経験があるのでしょうか？	Did Aligato have the experience of bathing many times?	Renkonto		
Renkonto	Kiel la dua doktoro pensis pri Aligato?	二番目の医師はアリガートについてどう思いましたか?	What did the second doctor think of Aligato?	Renkonto		
Renkonto	Kio okazis al Aligato post lia manĝado?	アリガートは食べた後どうなりましたか？	What happened to Aligato after he ate?	Renkonto		
Miaj Leteroj	En la sekvanta mateno, la tria doktoro venis.	翌朝、３人目の医師がやって来た。	The next morning, the third doctor came.	Miaj Leteroj		
Miaj Leteroj	Ĉi tiu aligatoro volas promenadi, ĉu ne?	このワニは散歩したいのでしょう？	This alligator wants to walk, doesn’t it?	Miaj Leteroj		
Miaj Leteroj	Ankaŭ mi pensas tiel!	私もそう思います！	I think so too!	Miaj Leteroj		
Miaj Leteroj	Ni prenu lin por promenadi!	彼を散歩に連れて行きましょう！	Let’s take him for a walk!	Miaj Leteroj		
Miaj Leteroj	Sur la strato estas multaj homoj kaj aŭtoj.	通りには人ももたくさんいます。	There are many people and cars on the street.	Miaj Leteroj		
Miaj Leteroj	Ankoraŭfoje turniĝas kaj turniĝas la okuloj de Aligato.	アリガートの目は再びクルクルと回る。	Aligato’s eyes turn and turn once more.	Miaj Leteroj		
Miaj Leteroj	Ankoraŭ Aligato estas malsana!	アリガートはまだ病気です！	Aligato is still sick!	Miaj Leteroj		
Miaj Leteroj	Oni vidas artikolon pri Aligato en ĵurnalo.	新聞でアリガートに関する記事を目にします。	One sees an article about Aligato in a newspaper.	Miaj Leteroj		
Miaj Leteroj	En iu tago, knabino vizitas Aligaton kun palmarbo.	ある日、女の子がヤシの木を持ってアリガートを訪ねます。	One day, a girl visits Aligat with a palm tree.	Miaj Leteroj		
Miaj Leteroj	La okuloj de Aligato ekbrilis!	アリガートの目が輝いた！	Aligato’s eyes sparkled!	Miaj Leteroj		
Miaj Leteroj	Kiu venis en la sekvanta mateno?	翌朝誰が来ましたか？	Who came the next morning?	Miaj Leteroj		
Miaj Leteroj	Kiel li pensis pri Aligato?	彼はアリガートについてどう思いましたか？	What did he think of Aligato?	Miaj Leteroj		
Miaj Leteroj	Ĉu promenado plaĉis al Aligato?	アリガートは歩くのが好きでしたか？	Did Aligato like walking?	Miaj Leteroj		
Miaj Leteroj	Kial turniĝis la okuloj de Aligato?	アリガートはなぜ目を向けたのでしょうか？	Why did Aligato’s eyes turn?	Miaj Leteroj		
Miaj Leteroj	Kion oni vidis en ĵurnalo?	新聞で何を見ましたか?	What did you see in the newspaper?	Miaj Leteroj		
Miaj Leteroj	Kiu vizitis Aligaton en iu tago?	アリガトを訪れたのは誰ですか?	Who visited Aligato on any day?	Miaj Leteroj		
Miaj Leteroj	Kiel Aligato sentis, vidante palmarbon?	アリガートはヤシの木を見たときどう感じましたか?	How did Aligato feel when he saw a palm tree?	Miaj Leteroj		
Miaj Leteroj	En la nokto, Aligato dormis trankvile kun malgranda palmarbo.	夜、アリガートは小さなヤシの木の下で安らかに眠りました。	In the night, Aligato slept peacefully with a small palm tree.	Miaj Leteroj		
Miaj Leteroj	Jes, mi komprenas!	はい、分かりました！	Yes, I understand!	Miaj Leteroj		
Miaj Leteroj	Povas esti, ke Aligato volas reveni hejmen.	アリガートは故郷に帰りたいのかもしれない。	It may be that Aligato wants to return home.	Miaj Leteroj		
Miaj Leteroj	Ni sendu lin al Paletro-Insulo!	彼をパレトロ島に送りましょう！	Let’s send him to Paletro Island!	Miaj Leteroj		
Miaj Leteroj	La aviadilo estas super Paletro-Insulo!	飛行機はパレトロ島上空に到着しました！	The plane is over Paletro Island!	Miaj Leteroj		
Miaj Leteroj	Ho, mia Paletro-Insulo! Koran dankon, piloto!	ああ、私のパレット島！パイロットさん、本当にありがとうございました！	Oh, my Palette Island! Thank you very much, pilot!	Miaj Leteroj		
Miaj Leteroj	Ne dankinde! Ĝis la revido, Aligato!	いいえ、結構です！また会いましょう、アリガート！	No thank you! See you soon, Alligato!	Miaj Leteroj		
Miaj Leteroj	Reveninte hejmen, Paletro-Insulo, Aligato skribas leteron al la knabino!	パレトロ島への帰国後、アリガートは少女に手紙を書く！	After returning home, Paletro Island, Aligato writes a letter to the girl!	Miaj Leteroj		
Miaj Leteroj	Koran dankon, mia knabino! Ĝis la revido!	本当にありがとう、お嬢さん！また近いうちにお会いしましょう！	Thank you very much, my girl! See you soon!	Miaj Leteroj		
Miaj Leteroj	Kial Aligato dormis trankvile en la nokto?	なぜアリガートは夜に安らかに眠ったのでしょうか？	Why did Aligato sleep peacefully at night?	Miaj Leteroj		
Miaj Leteroj	Kion Aligato diris al la piloto?	アリガートはパイロットに何と言ったのでしょうか？	What did Aligato say to the pilot?	Miaj Leteroj		
Miaj Leteroj	Kion Aligato faris post reveno al Paletro-lnsulo?	アリガートはパレトロ島に戻ってから何をしましたか？	What did Aligato do after returning to Paletro Island?	Miaj Leteroj		
Miaj Leteroj	Ĉu vi ŝatas Aligaton?	アリガートは好きですか？	Do you like Aligato?	Miaj Leteroj		
Miaj Leteroj	Kiel vi pensas pri Aligato?	アリガートについてどう思われますか？	What do you think about Aligato?	Miaj Leteroj		
Miaj Leteroj	Kio estas ĉi tio?	これは何ですか？	What is this?	Miaj Leteroj		
Miaj Leteroj	Asuka instruas Esperanton al lernantoj.	アスカは生徒たちにエスペラント語を教えています。	Asuka teaches Esperanto to students.	Miaj Leteroj		
Miaj Leteroj	Do, mi demandas vin. Kio estas ĉi tio?	そこで、お尋ねします。これは何ですか？	So, I ask you. What is this?	Miaj Leteroj		
Miaj Leteroj	Ĉu tio estas insekto?	あれは虫ですか？	Is that an insect?	Miaj Leteroj		
Miaj Leteroj	Ĉu mi povas manĝi tion?	それを食べてもいいですか？	Can I eat that?	Miaj Leteroj		
Miaj Leteroj	Ho, terure! Do, mi donas al vi ŝlosilon.	ああ、ひどい！それで、鍵をお渡しします。	Oh, terrible! So, I give you a key.	Miaj Leteroj		
Miaj Leteroj	Verŝajne, vi geknaboj ŝatas lin.	皆さんもおそらく彼のことが好きでしょう。	You guys probably like him.	Miaj Leteroj		
Miaj Leteroj	Lin? Ĉu homo?	彼？人？	Him? A person?	Miaj Leteroj		
Miaj Leteroj	Jes, aŭ ne!	はい、もしくは、いいえ！	Yes, or no!	Miaj Leteroj		
Miaj Leteroj	Mi donas al vi la duan ŝlosilon.	2つ目の鍵をお渡しします。	I give you the second key.	Miaj Leteroj		
Miaj Leteroj	Vi ofte vidas lin en televizia programo.	テレビ番組で彼をよく見かけます。	You often see him in a television program.	Miaj Leteroj		
Miaj Leteroj	Ĉu vi ŝatas lin, gvidanto?	リーダー、彼が好きですか？	Do you like him, leader?	Miaj Leteroj		
Miaj Leteroj	Mi komprenas! Tio estas "Doraemon”, ĉu ne?	わかりました！それは「ドラえもん」ですよね？	I understand! That’s "Doraemon", right?	Miaj Leteroj		
Miaj Leteroj	Vi pravas!	あなたが正しいです！	You are right!	Miaj Leteroj		
Miaj Leteroj	Mi vidis lin de malsupre kaj desegnis lin.	私は彼を下から見て描きました。	I saw him from below and drew him.	Miaj Leteroj		
Miaj Leteroj	Aha, mi komprenas!	ああ、分かりました！	Aha, I understand!	Miaj Leteroj		
Nova Aŭto	Trafika Vojmarko	道路標識	Traffic Road Marking	Nova Aŭto		
Nova Aŭto	Nozomu kaj Asuka alterne stiras aŭton.	交代で車を運転する望と飛鳥。	Nozomu and Asuka alternatively drive a car.	Nova Aŭto		
Nova Aŭto	La du kaj Ŝahanni estas sur la vojo de Nagasaki.	二人とシャハンニは長崎へ向かう途中だ。	The two and Shahanni are on the way to Nagasaki.	Nova Aŭto		
Nova Aŭto	Asuka, vi stiras aŭton bele.	アスカさん、車の運転が上手ですね。	Asuka, you drive a car beautifully.	Nova Aŭto		
Nova Aŭto	Dankon, Ŝahanni!	ありがとう、シャハニ！	Thanks, Shahanni!	Nova Aŭto		
Nova Aŭto	Ĉu vi volas stiri aŭton, Ŝahanni?	車を運転したいですか、シャハンニ？	Do you want to drive a car, Shahanni?	Nova Aŭto		
Nova Aŭto	Jes, mi volas.	はい、そうしたいです。	Yes, I want to.	Nova Aŭto		
Nova Aŭto	Mi havas intereson pri aŭto.	車に興味があります。	I have an interest in a car.	Nova Aŭto		
Nova Aŭto	Por gajni licencon pri stirado.	運転免許を取得するため。	To earn a driving license.	Nova Aŭto		
Nova Aŭto	Unue, vi devas legi la regularon por trafiko, Sahanni.	まず、交通規制を読む必要があります、サハンニ。	First, you need to read the traffic regulations, Sahanni.	Nova Aŭto		
Nova Aŭto	Do, Ŝahanni, kion signifas la vojmarko tiea?	それで、シャハンニ、あそこの道路標識はどういう意味ですか？	So, Shahanni, what does the road sign over there mean?	Nova Aŭto		
Nova Aŭto	Eble X signifas ke "Oni ne povas fari ion," ĉu ne?	おそらくXは「あなたには何かができない」という意味ですよね？	Maybe X means that "You can’t do something," right?	Nova Aŭto		
Nova Aŭto	Jes, oni ne povas iri. "Vojo barita!"	はい、行けません。 「通行禁止！」	Yes, you can’t go. "Road blocked!"	Nova Aŭto		
Nova Aŭto	Ah, mi komprenas.	ああ、分かりました。	Ah, I understand.	Nova Aŭto		
Nova Aŭto	Dankon, Nozomu.	ありがとう、のぞむさん。	Thank you, Nozomu.	Nova Aŭto		
Nova Aŭto	Kanĵi, Ĉina ideogramo	漢字、表意文字	Kanji, Chinese ideogram	Nova Aŭto		
Nova Aŭto	Kion signifas ĉi tiu litero?	この手紙はどういう意味ですか？	What does this letter mean?	Nova Aŭto		
Nova Aŭto	La litero estas kanĵi, ĉina ideogramo kaj ĝi signifas monton.	この文字は漢字であり、中国の表意文字であり、山を意味します。	The letter is a kanji, a Chinese ideogram and it means mountain.	Nova Aŭto		
Nova Aŭto	(Ilustrante) Ĉi-maniere la litero estis farita.	（イラスト） こうして手紙はできました。	(Illustrating) In this way the letter was made.	Nova Aŭto		
Nova Aŭto	Ŝahanni, ĉu vi scias. kion ĉi tiu kanĵi signifas?	シャハニ、知っていますか？この漢字は何を意味しますか？	Shahanni, do you know? what does this kanji mean?	Nova Aŭto		
Nova Aŭto	Do, mi donos al vi sugeston.	そこで、ヒントを教えます。	So, I’ll give you a hint.	Nova Aŭto		
Nova Aŭto	En la litero ni vidas, ke du linioj subtenas unu la alian.	この手紙では、2 本の線が互いに支え合っていることがわかります。	In the letter we see that two lines support each other.	Nova Aŭto		
Nova Aŭto	Unu ne povas vivi sen la alia.	一方は他方なしでは生きていけません。	One cannot live without the other.	Nova Aŭto		
Nova Aŭto	Same kiel ni!	ちょうど私たちのような！	Just like us!	Nova Aŭto		
Nova Aŭto	Ho, mi komprenas!	ああなるほど！	Oh, I see!	Nova Aŭto		
Nova Aŭto	Ĝi estas "homo", ĉu ne?	それは「人」ですよね？	It’s a "man", isn’t it?	Nova Aŭto		
Nova Aŭto	Prave dirita.	正しく言った。	Rightly said.	Nova Aŭto		
Nova Aŭto	Ĉu vi scias la signifon de tiu litero，Ŝahanni?	その手紙の意味を知っていますか、シャハンニ？	Do you know the meaning of that letter, Shahanni?	Nova Aŭto		
Nova Aŭto	Koŝien-Stadiumo	スタジアム	Koshien Stadium	Nova Aŭto		
Nova Aŭto	Nozomu kaj Asuka kondukas Ŝahanni al Koŝien-Stadiumo.	ノゾムとアスカはシャハンニを連れて甲子園球場へ向かう。	Nozomu and Asuka take Shahanni to Koshien Stadium.	Nova Aŭto		
Nova Aŭto	Mi neniam vidis ĉi tiom multajn homojn.	こんなにたくさんの人を見たことがありません。	I have never seen so many people.	Nova Aŭto		
Nova Aŭto	Kiuj teamoj intermatĉas?	どのチームが対戦しますか?	Which teams are playing each other?	Nova Aŭto		
Nova Aŭto	Kompreneble "Hanŝin-Tigroj" kaj "Jomiuri-Gigantoj"!	もちろん「阪神タイガース」と「読売ジャイアンツ」！	Of course "Hanshin Tigers" and "Yomiuri Giants"!	Nova Aŭto		
Nova Aŭto	Ĉu basbalo ne estas populara en via lando?	あなたの国では野球は人気がありませんか?	Isn’t baseball popular in your country?	Nova Aŭto		
Nova Aŭto	Ne. Mi vidas megafonojn, kiuj aspektas kvazaŭ flavaj floroj.	いいえ。黄色い花のようなメガホンが見えます。	No. I see megaphones that look like yellow flowers.	Nova Aŭto		
Nova Aŭto	Kion favorantoj diras?	サポーターは何と言っていますか？	What do supporters say?	Nova Aŭto		
Nova Aŭto	Ili diras, "Batu, Bass! Batu, Bass!”	「かっとばせ！バース！かっとばせバ、ース！」って言っているんです。	They say, "Strike, Bass! Strike, Bass!"	Nova Aŭto		
Nova Aŭto	Mi vidas multajn balonetojn kaj...	たくさんの風船が見えますが…	I see a lot of balloons and…	Nova Aŭto		
Nova Aŭto	Kio estas tio?	それは何ですか？	What is that?	Nova Aŭto		
Nova Aŭto	Kiam Hanŝin estas en la 7-a atako, ili flugigas balonetojn por kuraĝigi ludantojn de Hanŝin.	阪神が７回戦の攻撃の時は風船を飛ばして阪神の選手を激励する。	When Hanshin is in the 7th round, they fly balloons to encourage Hanshin players.	Nova Aŭto		
Nova Aŭto	Ankaŭ mi preparis balonetojn!	風船も用意しました！	I also prepared balloons!	Nova Aŭto		
Nova Aŭto	Asuka, kial Nozomu kuraĝigas Hanŝin kun entuziasmo?	アスカ、なぜ望は阪神タイガースを熱心に励ますのですか？	Asuka, why does Nozomu encourage Hanshi with enthusiasm?	Nova Aŭto		
Nova Aŭto	Eble ĉar li naskiĝis en la jaro de “tigro” laŭ la antikva orienta kalendaro.	おそらく彼はの「寅年」に生まれたからでしょう。	Maybe because he was born in the year of the "tiger" according to the ancient eastern calendar.	Nova Aŭto		
Nova Aŭto	Kie ili nun estas?	彼らは今どこにいるのでしょうか？	Where are they now?	Nova Aŭto		
Nova Aŭto	Ĉu basbalo estas populara en Hindujo?	インドでは野球は人気がありますか?	Is baseball popular in India?	Nova Aŭto		
Nova Aŭto	Kio aspektas kvazaŭ flavaj floroj?	黄色い花に見えるものは何ですか？	What looks like yellow flowers?	Nova Aŭto		
Nova Aŭto	Kion Nozomu preparis?	のぞむさんは何を用意しましたか？	What did Nozomu prepare?	Nova Aŭto		
Nova Aŭto	Ĉu vi havas intereson pri basbalo?	野球に興味はありますか？	Do you have an interest in baseball?	Nova Aŭto		
Nova Aŭto	Kiel vi pensas pri "Tigroj-febro" de la lasta jaro?	昨年の「タイガーフィーバー」についてどう思いますか？	What do you think about last year’s "Tiger fever"?	Nova Aŭto		
Aŭto Vendejo	Fuĵi-Santaro	フジ三太郎	Fuji Santaro	Aŭto Vendejo		
Aŭto Vendejo	Nozomu ekridas, legante karikaturon en "ĵurnalo Asahi”.	望さんは『朝日新聞』の漫画を読んで大笑いした。	Nozomu bursts out laughing, reading a cartoon in "Asahi newspaper".	Aŭto Vendejo		
Aŭto Vendejo	Kial vi ridas, Nozomu?	望さん、なんで笑ってるの？	Why are you laughing, Nozomu?	Aŭto Vendejo		
Aŭto Vendejo	Ĉar ĉi tio estas ridiga kaj...	だってこれは面白いし…	Because this is hilarious and…	Aŭto Vendejo		
Aŭto Vendejo	Kaj ĉar Nozomu en jarfina kaj novjaraj tagoj tre similas al Fuĵi-Santaro, la heroo de la karikaturo.	そして、正月と元日ののぞむは、漫画の主人公であるフジ三太郎によく似ているからです。	And because Nozomu on New Year’s and New Year’s days is very similar to Fuji Santaro, the hero of the cartoon.	Aŭto Vendejo		
Aŭto Vendejo	Kia karikaturo?	何の漫画？	What cartoon?	Aŭto Vendejo		
Aŭto Vendejo	Montru al mi.	見せて。	Show me.	Aŭto Vendejo		
Aŭto Vendejo	Jen estas!	ここにあります！	Here it is!	Aŭto Vendejo		
Aŭto Vendejo	Ŝahanni ankoraŭ ne lernas "kanaon".	シャハンニはまだカナ文字を習っていません。	Shahanni doesn’t learn "kana" yet.	Aŭto Vendejo		
Aŭto Vendejo	Mi klarigu la enhavon.	内容を説明させていただきます。	Let me explain the content.	Aŭto Vendejo		
Aŭto Vendejo	Ne skribante novjarajn kartojn, Santaro malŝparas tempon.	三太郎は年賀状を書かないことで時間を無駄にしている。	By not writing New Year’s cards, Santaro is wasting time.	Aŭto Vendejo		
Aŭto Vendejo	Santaro malŝparas tempon, drinkante kaj rigardante televidan programon en jarfina tago.	年末、三太郎は酒を飲みながらテレビ番組を見て時間を潰す。	Santaro wastes time, drinking and watching TV program on a year-end day.	Aŭto Vendejo		
Aŭto Vendejo	Li ankoraŭ drinkas kaj televidas en la mateno de novjara tago.	彼は元旦の朝もまだ酒を飲みながらテレビを見ている。	He’s still drinking and watching TV on New Year’s morning.	Aŭto Vendejo		
Aŭto Vendejo	Post kelkaj tagoj,li komencas skribi kartojn.	数日後、彼はカードを書き始めます。	After a few days, he starts writing cards.	Aŭto Vendejo		
Aŭto Vendejo	Li faras la samon ĉiujare.	彼は毎年同じことをします。	He does the same thing every year.	Aŭto Vendejo		
Aŭto Vendejo	La tempo por enpoŝtigi kartojn jam pasas.	ポストカードを書く時間も残り少なくなってきました。	The time to post cards is running out.	Aŭto Vendejo		
Aŭto Vendejo	Tial li mem devas distribui la kartojn al la adresatoj.	そのため、彼自身が宛先にカードを配布する必要があります。	That’s why he himself has to distribute the cards to the addressees.	Aŭto Vendejo		
Aŭto Vendejo	Kion Santaro faras en jarfina tago?	三太郎は元旦に何をしますか?	What does Santaro do on New Year’s Day?	Aŭto Vendejo		
Aŭto Vendejo	Ĉu li estas drinkemulo?	彼は酒飲みですか？	Is he a drinker?	Aŭto Vendejo		
Aŭto Vendejo	Kion lia filino diras al Santaro?	娘は三太郎に何と言いますか？	What does his daughter say to Santaro?	Aŭto Vendejo		
Aŭto Vendejo	Kiam li komencas skribi novjarajn kartojn?	彼はいつ年賀状を書き始めますか。	When does he start writing New Year’s cards?	Aŭto Vendejo		
Aŭto Vendejo	Kiel vi pensas pri Santaro?	三太郎についてどう思いますか？	What do you think about Santaro?	Aŭto Vendejo		
Aŭto Vendejo	Ĉu vi similas al li?	あなたは彼に似ていますか？	Do you look like him?	Aŭto Vendejo		
Aŭto Vendejo	Donu al mi vian opinion.	あなたの意見を聞かせてください。	Give me your opinion.	Aŭto Vendejo		
Aŭto Vendejo	Matias, Germana Amiko	マティアス、ドイツ人の友人	Matias, German Friend	Aŭto Vendejo		
Aŭto Vendejo	Matias Voth, Germano, kiu estas leteramiko de Asuka, vizitas ilin.	アスカの文通相手であるドイツ人のマティアス・彼らを訪ねてくる。	Matias Voth, a German who is Asuka’s pen pal, visits them.	Aŭto Vendejo		
Aŭto Vendejo	Li vojaĝas en Japanio utiligante pasportan servon.	彼はパスポートサービスを利用して日本を旅行しています。	He travels in Japan using a passport service.	Aŭto Vendejo		
Aŭto Vendejo	Asuka preparas banon.	アスカはお風呂の準備をする。	Asuka prepares a bath.	Aŭto Vendejo		
Aŭto Vendejo	Matias, bano estas preparita.	マティアス、お風呂の準備ができました。	Matias, a bath is prepared.	Aŭto Vendejo		
Aŭto Vendejo	Bonvole baniĝu.	入浴してください。	Please take a bath.	Aŭto Vendejo		
Aŭto Vendejo	Dankon, Anjo!	ありがとう、アスカさん！	Thank you, Anjo!	Aŭto Vendejo		
Aŭto Vendejo	Bano rememorigas al mi malbonan sperton pri bano.	お風呂というと、嫌なお風呂の経験を思い出します。	Bath reminds me of a bad bath experience.	Aŭto Vendejo		
Aŭto Vendejo	Kia sperto?	どのような経験ですか？	What experience?	Aŭto Vendejo		
Aŭto Vendejo	Mia amiko en Tokio, s-ro Saito, gastigis min en sia hejmo.	東京にいる友人の斉藤さんが私を自宅に泊めてもらいました。	My friend in Tokyo, Mr. Saito, hosted me in his home.	Aŭto Vendejo		
Aŭto Vendejo	Ankaŭ li preparis banon por mi.	お風呂も用意してくれました。	He also prepared a bath for me.	Aŭto Vendejo		
Aŭto Vendejo	Kaj kio okazis?	そして何が起こった？	And what happened?	Aŭto Vendejo		
Aŭto Vendejo	Mi ĝuis banon, sed post unu horo en la banejo s-ino Saito demetis vestaĵon kaj ŝi surpriziĝis.	お風呂を楽しみましたが、一時間ほど入ったところで斉藤さんが服を脱いでびっくりしました。	I enjoyed a bath, but after an hour in the bath, Ms. Saito took off her clothes and she was surprised.	Aŭto Vendejo		
Aŭto Vendejo	Ahem! Mi komprenas vin, Matias.	えへん！わかりました、マティアス。	Ahem! I understand you, Matias.	Aŭto Vendejo		
Aŭto Vendejo	Vi malplenigis la akvon en la banujo, ĉu ne?	浴槽の水を捨てたんですよね？	You emptied the water in the bathtub, didn’t you?	Aŭto Vendejo		
Aŭto Vendejo	Trafe!	正解！	Right on!	Aŭto Vendejo		
Aŭto Vendejo	En Romo vivu romane!	ローマでは、ローマ人のように生きましょう！	In Rome, live like a Roman!	Aŭto Vendejo		
Aŭto Vendejo	Ne! "En Japanujo vivu japane!"	いいえ！ 「日本では、日本人を生きろ！」	No! "In Japan, live Japanese!"	Aŭto Vendejo		
Aŭto Vendejo	Ĉu Asuka havas leteramikon?	アスカにはペンフレンドがいますか?	Does Asuka have a pen pal?	Aŭto Vendejo		
Aŭto Vendejo	Kion Asuka preparis por Matias?	アスカはマティアスのために何を用意したのでしょうか？	What did Asuka prepare for Matias?	Aŭto Vendejo		
Aŭto Vendejo	Ĉu Matias havas nebonan sperton pri bano?	マティアスはお風呂で嫌な思いをしたことがありますか?	Does Matias have a bad experience with a bath?	Aŭto Vendejo		
Aŭto Vendejo	Kial s-ino Saito surpriziĝis en la banejo?	なぜ斉藤さんは風呂場で驚いたのでしょうか？	Why was Ms. Saito surprised in the bathhouse?	Aŭto Vendejo		
Aŭto Vendejo	Ĉu vi havas leteramikon en alilandoj?	他の国にペンフレンドはいますか?	Do you have pen pals in other countries?	Aŭto Vendejo		
Aŭto Vendejo	Ĉu vi iam utiligis pasportan servon?	パスポートサービスを利用したことがありますか？	Have you ever used a passport service?	Aŭto Vendejo		
Aŭto Vendejo	Nenio por manĝi	食べるものがない	Nothing to eat	Aŭto Vendejo		
Aŭto Vendejo	Post baniĝo ili altabliĝas.	入浴後は食卓につきます。	After bathing they get high.	Aŭto Vendejo		
Aŭto Vendejo	Bongustaĵo estas sur la tablo.	珍味がテーブルの上にあります。	A delicacy is on the table.	Aŭto Vendejo		
Nova Aŭto	Ni havas nenion por manĝi, sed bonvole manĝu!	食べるものがないけど食べてください！	We have nothing to eat, but please eat!	Nova Aŭto		
Nova Aŭto	Asuka, vi devas diri alimaniere.	アスカ、言い方が違うよ。	Asuka, you have to say it differently.	Nova Aŭto		
Nova Aŭto	Ekzemple, "Mi esperas, ke mia kuiraĵo plaĉos al vi. Bonvole manĝu!"	例えば、「私の料理が気に入ってくれると嬉しいです。召し上がってください！」	For example, "I hope you like my food. Please eat!"	Nova Aŭto		
Nova Aŭto	Ĉar se troviĝas nenio por manĝi, kiel Matias povas manĝi?	だって、食べるものが何もなかったら、マティアスはどうやって食べることができるでしょうか？	Because if there is nothing to eat, how can Matias eat?	Nova Aŭto		
Nova Aŭto	Parolu logike!	論理的に話しましょう！	Speak logically!	Nova Aŭto		
Nova Aŭto	Asuka, ne zorgu pri tio.	アスカ、心配しないでください。	Asuka, don’t worry about it.	Nova Aŭto		
Nova Aŭto	Iom post iom mi alkutimiĝas al japanaj modestaj esprimoj kaj manieroj.	少しずつ日本の謙虚な表現やマナーに慣れてきました。	Little by little I am getting used to Japanese modest expressions and manners.	Nova Aŭto		
Nova Aŭto	Vi japanoj ofte uzas modestan esprimon, ĉu ne?	日本人の皆さんはよく謙虚な表現を使いますよね。	You Japanese often use a modest expression, don’t you?	Nova Aŭto		
Nova Aŭto	En la komencaj tagoj en via lando mi estis embarasita de la enigma japana esprimo.	あなたの国に来た当初、私は謎めいた日本語の表現に戸惑いました。	In the initial days in your country I was embarrassed by the enigmatic Japanese expression.	Nova Aŭto		
Nova Aŭto	Vi diras antaŭ bongustaĵo, "Ni havas nenion por manĝi, sed bonvole manĝu!”	ごちそうの前に「食べるものがないけど食べてください！」と言いますよね。	You say before a delicacy, "We have nothing to eat, but please eat!"	Nova Aŭto		
Nova Aŭto	Aŭdinte tion, mi sentis, "Se estas nenio por manĝi, ni iru al restoracio."	それを聞いて、「食べるものがなかったらレストランに行こう」という気持ちになりました。	After hearing that, I felt, "If there is nothing to eat, let’s go to a restaurant."	Nova Aŭto		
Nova Aŭto	Sed mi komprenas vin, Anjo!	でも、アスカさん、わかりますよ！	But I understand you, Anjo!	Nova Aŭto		
Nova Aŭto	Ĉu bongustaĵo estas sur la tablo?	テーブルの上にごちそうはありますか？	Is there a delicacy on the table?	Nova Aŭto		
Nova Aŭto	Kion Asuka diris al Matias?	アスカはマティアスに何と言ったでしょうか？	What did Asuka say to Matias?	Nova Aŭto		
Nova Aŭto	Kiel Nozomu admonis al Asuka?	望はアスカをどう諭したのか？	How did Nozomu admonish Asuka?	Nova Aŭto		
Nova Aŭto	Ĉu Matias komprenas japanan modestan esprimon nun?	マティアスさんは今、日本の謙虚さを理解していますか？	Does Matias understand Japanese modesty now?	Nova Aŭto		
Nova Aŭto	Kiel vi pensas pri japanaj modestaj esprimo kaj maniero?	日本人の謙虚な表現やマナーについてどう思いますか?	What do you think about Japanese modest expression and manner?	Nova Aŭto		
Nova Aŭto	Tio estas “Honda” , ”Toyota” , “Sony” , “Fujijama” ,“Saŝimi” kaj “Geiŝa”.	それは「ホンダ」「トヨタ」「ソニー」「富士山」「刺身」「芸者」です。	That is "Honda" "Toyota" "Sony" "Fujijama" "Sashimi" and "Geisha".	Nova Aŭto		
Nova Aŭto	Mi legis unu libron, kiun NHK publikigis.	NHKが出版した本を一冊読みました。	I read one book that NHK published.	Nova Aŭto		
Nova Aŭto	Kio estas "Oŝija"?	「おしや」とは？	What is "Oshiya"?	Nova Aŭto		
Nova Aŭto	Se vi iras al stacidomo en svarma horo, vi povas vidi multajn homojn kaj puŝistojn.	ラッシュアワーに駅に行くと、たくさんの人や押し車を見かけます。	If you go to a station in rush hour, you can see a lot of people and pushers.	Nova Aŭto		
Nova Aŭto	La puŝistoj estas la oficistoj, kiuj plenŝtopas trajnon per pasaĝeroj.	押し手は列車を乗客で埋める役人です。	The pushers are the officials who fill the train with passengers.	Nova Aŭto		
Nova Aŭto	Ĉu pasaĝeroj ne sentas doloron kiam ili estas puŝatai sur la dorso?	乗客は背中を押されて痛くないのですか？	Don’t passengers feel pain when they are pushed on the back?	Nova Aŭto		
Nova Aŭto	ĉu ne estas sufokiga en la trajno?	電車の中って息苦しくないですか？	isn’t it suffocating in the train?	Nova Aŭto		
Nova Aŭto	Kompreneble, jes.	もちろんはい。	Of course, yes.	Nova Aŭto		
Nova Aŭto	Sed ni eltenas.	しかし、私たちは耐えます。	But we endure.	Nova Aŭto		
Nova Aŭto	Kiam iu oficistino estis elvagoniĝonta, ŝi trovis, ke ŝi perdis sian ŝuon kun alta kalkanumo.	従業員が車から降りようとしたとき、ハイヒールの靴を紛失したことに気づきました。	When an employee was about to get out of the car, she found that she had lost her high-heeled shoe.	Nova Aŭto		
Nova Aŭto	Terure ！	ひどい！	Terrible!	Nova Aŭto		
Nova Aŭto	Klarigu al mi, kio estas "Oŝija"?	「おしや」とは何か説明してください。	Explain to me what is "Oshiya"?	Nova Aŭto		
Nova Aŭto	Ĉu vi havas la saman sperton, kiun la oficistino havis en la trajno?	あなたも電車の中で店員と同じ経験をしたことがありますか？	Do you have the same experience that the clerk had on the train?	Nova Aŭto		
Nova Aŭto	Kiel vi pensas pri imago pri Japanujo en aliaj landoj?	海外における日本に対する認識についてどう思いますか？	What do you think about the perception of Japan in other countries?	Nova Aŭto		
Nova Aŭto	Ĉu vi iam prenis Ŝinkansen, Matias?	マティアスさん、新幹線に乗ったことがありますか？	Have you ever taken Shinkansen, Matias?	Nova Aŭto		
Nova Aŭto	Kompreneble, jes!	もちろんはい！	Of course, yes!	Nova Aŭto		
Nova Aŭto	Mi rimarkis en Ŝinkansen, ke pluveroj sur fenestro falas oblikve.	新幹線の中で窓についた雨粒が斜めに落ちていることに気づきました。	I noticed in Shinkansen that raindrops on a window fall diagonally.	Nova Aŭto		
Nova Aŭto	Tio mirigis min.	それは私を驚かせました。	That amazed me.	Nova Aŭto		
Nova Aŭto	Japanaj aviadiloj, fervojoj, subteraj trajnoj, aŭtobusoj estas tre akurataj.	日本の飛行機、鉄道、地下鉄、バスは時間にとても正確です。	Japanese planes, railways, underground trains, buses are very punctual.	Nova Aŭto		
Nova Aŭto	Kiam ni antaŭe prenis ĉinan aviadilon, forlasis la Flughavenon Oosaka unu horon malfrue.	以前中国の飛行機に乗ったときは大阪空港を1時間遅れて出発しました。	When we took a Chinese plane before, it left Oosaka Airport one hour late.	Nova Aŭto		
Nova Aŭto	Finfine atingis la Flughavenon Pekino tri horojn malfrue.	結局3時間遅れで北京空港に到着した。	Finally reached Beijing Airport three hours late.	Nova Aŭto		
Nova Aŭto	Tio estas neimagebla afero en mia lando.	それは私の国では考えられないことです。	That is an unimaginable thing in my country.	Nova Aŭto		
Nova Aŭto	Poste mi trovis la artikolon en gvidlibro en Ĉinio, ke Civil-Aviadila Administracio de Ĉinio estas aviada kompanio.	そんなとき、中国のガイドブックに中国民用航空局が航空会社であるという記事を見つけた。	Then I found the article in a guidebook in China that Civil Aviation Administration of China is an aviation company.	Nova Aŭto		
Nova Aŭto	Poste mi trovis la artikolon, ke CAAC estas aviada kompanio kun la plej malmultaj akcidentoj.	するとCAACが最も事故の少ない航空会社だという記事を見つけた。	Then I found the article that CAAC is the aviation company with the fewest accidents.	Nova Aŭto		
Maja	Ĉar pilotarto estas altnivela kaj aviadilo neniam ekflugas en malbona vetero kaj kun nesufiĉa bontenado.	なぜなら、操縦技術は進歩しており、悪天候や整備が不十分な場合には飛行機は決して離陸しないからです。	Because piloting is advanced and an airplane never takes off in bad weather and with insufficient maintenance.	Maja		
Maja	Sekureco la unua kaj akurateco la dua, ĉu ne?	安全第一、時間厳守は二の次ですよね？	Safety first and punctuality second, right?	Maja		
Maja	Jes! En Japanujo akurateco la unua, sekureco la dua, ĉu?	はい！日本では時間を守ることが第一、安全は二番目ですよね？	Yes! In Japan punctuality first, safety second, right?	Maja		
Maja	Kion Matias rimarkis en Ŝinkansen?	マティアスは新幹線の中で何に気づきましたか？	What did Matias notice in the Shinkansen?	Maja		
Maja	Kiel vi pensas pri akurateco kaj sekureco de aviadilo en Japanio kaj Ĉinio?	日本と中国の航空機の定時性と安全性についてどう思いますか?	How do you think about punctuality and safety of aircraft in Japan and China?	Maja		
Maja	La ĉina aviadilo, kiu prenis Nozomu kaj Asuka, atingis la Flughavenon Pekino 2 horojn malfrue.	のぞむさんとあすかさんを乗せた中国航空機は２時間遅れで北京空港に到着した。	The Chinese plane that took Nozomu and Asuka arrived at Beijing Airport 2 hours late.	Maja		
Maja	La rapideco de ŝinkansen ne tiel mirigis Matias.	新幹線の速さにはマティアスは驚かなかった。	The speed of the shinkansen did not astonish Matias.	Maja		
Maja	Gvidlibro pri vojaĝo en Ĉinio diras, ke CAAC estas aviada kompanio, kiu havas la plej malmultajn akcidentojn.	中国の旅行ガイドによると、CAACは最も事故が少ない航空会社だという。	A travel guide in China says that CAAC is the airline company that has the fewest accidents.	Maja		
Maja	Hodiaŭ mi volas ludi kun vi “20 ŝlosilojn".	今日は「20の鍵」で遊んでみたいと思います。	Today I want to play with you "20 keys".	Maja		
Maja	Kio estas "20 Ŝlosiloj"?	「20の鍵」とは何ですか？	What is "20 Keys"?	Maja		
Maja	Mi klarigu.	説明しましょう。	Let me explain.	Maja		
Maja	Nun mi imagas ion.	今、私は何かを想像しています。	Now I imagine something.	Maja		
Maja	Vi povas demandi per la demando, “Ĉu estas ~?”	「～ですか？」と疑問を持って尋ねることができます。	You can ask with the question, "Is it ~?"	Maja		
Maja	Mi respondas per “Jes!” aŭ “Ne!”	私は「はい！」と答えます。または「いいえ！」	I answer with "Yes!" or "No!"	Maja		
Maja	Vi ne povas demandi, "Kio estas ĝi?”	「それは何ですか？」と尋ねることはできません。	You cannot ask, "What is it?"	Maja		
Maja	Vi, unu post la alia, povas demandi min.	一つずつ聞いてください。	You, one by one, can ask me.	Maja		
Maja	Tamen, la limo de permesata nombro de la demandoj estas 20.	ただし、許可される質問数の制限は 20 です。	However, the limit of permitted number of questions is 20.	Maja		
Maja	Vi devas trafi per almenaŭ 20 demandoj.	少なくとも 20 問で得点する必要があります。	You must score with at least 20 questions.	Maja		
Maja	Do, ni komencu! Manjo, vi estas la unua.	それでは、始めましょう!マーちゃん、あなたが最初です。	So, let’s get started! Manjo, you are the first.	Maja		
Maja	Jes … Ĉu ĝi estas besto?	そう・・・動物ですか？	Yes... Is it an animal?	Maja		
Maja	Ĉu homo?	人？	A person?	Maja		
Maja	Ĉu planto?	植物？	A plant?	Maja		
Maja	Ĉu iu objekto?	何かの物体ですか？	Any object?	Maja		
Maja	Ĉu ĝi troviĝas en ĉi tiu ĉambro?	この部屋にありますか？	Is it in this room?	Maja		
Maja	Ĉu mi povas trinki ĝin?	飲んでもいいですか	can i drink it	Maja		
Maja	Ĉu manĝebla?	食べられるのでしょうか？	Is it edible?	Maja		
Maja	Ne! Vi, manĝegemulo, Joĉjo.	いいえ！食いしんぼうだね、よっちゃん。	No! You foodie, Jack.	Maja		
Maja	Ĉu ĝi estas tablo?	テーブルですか？	Is it a table?	Maja		
Maja	Ĉu krajono?	鉛筆？	A pencil?	Maja		
Maja	Ne. Vi jam faris 10 demandojn.	いいえ。あなたはすでに 10 個の質問をしました。	No. You have already asked 10 questions.	Maja		
Maja	Ĉu ĝi koncernas Esperanton?	エスペラント語に関係するのでしょうか？	Does it concern Esperanto?	Maja		
Maja	Ĉu libro de Esperanto?	エスペラント語の本?	Cu book of Esperanto?	Maja		
Maja	Ĉu vi ŝatas?	好きですか？	Do you like?	Maja		
Maja	Ĉu ĝi estas utila por vi?	それはあなたにとって役に立ちますか？	Is it useful for you?	Maja		
Maja	Jes. Por mi kaj por esperantistoj.	はい。私にとってもエスペランティストにとっても。	Yes. For me and for Esperantists.	Maja		
Maja	Verda standardo?	緑のバナー？	Green banner?	Maja		
Maja	Ĉu verda stelo?	緑の星？	A green star?	Maja		
Maja	Ne, sed tre proksime.	いいえ、でも非常に近いです。	No, but very close.	Maja		
Maja	Ĉu vi havas ĝin?	あなたはそれを手に入れましたか	do you have it	Maja		
Maja	Jes, mi havas aŭ surmetas ĝin nun.	はい、持っています、または今身につけています。	Yes, I have or am wearing it now.	Maja		
Maja	Ĉu ĝi estas pli granda ol ĉi tiu vortaro de Esperanto?	このエスペラント語辞書より大きいですか?	Is it bigger than this Esperanto dictionary?	Maja		
Maja	Ĉu ronda?	丸いですか？	Is it round?	Maja		
Maja	Jes. La sekvanta demando estas la lasta!	はい。次の質問が最後です！	Yes. The next question is the last!	Maja		
Maja	Ĉu?... Ah, mi komprenas! Ĝi estas insigno de Esperanto ĉu ne?	え？……あ、分かりました！エスペラント語のバッジですね。	Huh?... Ah, I understand! It’s an Esperanto badge, isn’t it?	Maja		
Maja	Jes, trafite!	はい、当たり！	Yes, hit!	Maja		